pl_name,hostname,default_flag,sy_snum,sy_pnum,discoverymethod,disc_year,disc_facility,soltype,pl_controv_flag,pl_refname,pl_orbper,pl_orbsmax,pl_rade,pl_radj,pl_bmasse,pl_bmassj,pl_bmassprov,pl_orbeccen,pl_insol,pl_eqt,ttv_flag,st_refname,st_spectype,st_teff,st_rad,st_mass,st_met,st_metratio,st_logg,sy_refname,rastr,ra,decstr,dec,sy_dist,sy_vmag,sy_kmag,sy_gaiamag,rowupdate,pl_pubdate,releasedate
TRAPPIST-1 h,TRAPPIST-1,0,1,7,Transit,2017,Multiple Observatories,Published Confirmed,0,<a refstr=DUCROT_ET_AL__2020 href=https://ui.adsabs.harvard.edu/abs/2020A&A...640A.112D/abstract target=ref>Ducrot et al. 2020</a>,18.7672745,0.0618656,,,,,,,0.144,171.7,1,<a refstr=DUCROT_ET_AL__2020 href=https://ui.adsabs.harvard.edu/abs/2020A&A...640A.112D/abstract target=ref>Ducrot et al. 2020</a>,,2520,0.1234,0.0898,0.0535,[Fe/H],,<a refstr=STASSUN_ET_AL__2019 href=https://ui.adsabs.harvard.edu/abs/2019AJ....158..138S/abstract target=ref>TICv8</a>,23h06m30.33s,346.6263919,-05d02m36.46s,-5.0434618,,17.02,10.296,15.6451,11/14/2022,2020-08,11/14/2022
TRAPPIST-1 h,TRAPPIST-1,0,1,7,Transit,2017,Multiple Observatories,Published Confirmed,0,<a refstr=GRIMM_ET_AL__2018 href=https://ui.adsabs.harvard.edu/abs/2018A&A...613A..68G/abstract target=ref>Grimm et al. 2018</a>,,0.06193488,0.773,0.06896244,0.331,0.00104144,Mass,0.00567,,,1,<a refstr=GRIMM_ET_AL__2018 href=https://ui.adsabs.harvard.edu/abs/2018A&A...613A..68G/abstract target=ref>Grimm et al. 2018</a>,,,,0.089,,,,<a refstr=STASSUN_ET_AL__2019 href=https://ui.adsabs.harvard.edu/abs/2019AJ....158..138S/abstract target=ref>TICv8</a>,23h06m30.33s,346.6263919,-05d02m36.46s,-5.0434618,,17.02,10.296,15.6451,12/10/2020,2018-05,12/17/2020
TRAPPIST-1 h,TRAPPIST-1,0,1,7,Transit,2017,Multiple Observatories,Published Confirmed,0,<a refstr=LUGER_ET_AL__2017 href=https://ui.adsabs.harvard.edu/abs/2017NatAs...1E.129L/abstract target=ref>Luger et al. 2017</a>,18.767,,0.752,0.06708895,,,,,0.165,173,1,<a refstr=STASSUN_ET_AL__2019 href=https://ui.adsabs.harvard.edu/abs/2019AJ....158..138S/abstract target=ref>TICv8</a>,,,0.114827,0.090778,,,5.27596,<a refstr=STASSUN_ET_AL__2019 href=https://ui.adsabs.harvard.edu/abs/2019AJ....158..138S/abstract target=ref>TICv8</a>,23h06m30.33s,346.6263919,-05d02m36.46s,-5.0434618,,17.02,10.296,15.6451,6/13/2017,2017-06,6/15/2017
TRAPPIST-1 h,TRAPPIST-1,1,1,7,Transit,2017,Multiple Observatories,Published Confirmed,0,<a refstr=AGOL_ET_AL__2021 href=https://ui.adsabs.harvard.edu/abs/2021PSJ.....2....1A/abstract target=ref>Agol et al. 2021</a>,18.772866,0.06189,0.755,0.0673567,0.326,0.00102571,Mass,,0.144,,1,<a refstr=AGOL_ET_AL__2021 href=https://ui.adsabs.harvard.edu/abs/2021PSJ.....2....1A/abstract target=ref>Agol et al. 2021</a>,,2566,0.1192,0.0898,,,5.2396,<a refstr=STASSUN_ET_AL__2019 href=https://ui.adsabs.harvard.edu/abs/2019AJ....158..138S/abstract target=ref>TICv8</a>,23h06m30.33s,346.6263919,-05d02m36.46s,-5.0434618,,17.02,10.296,15.6451,11/14/2022,2021-02,11/14/2022
TRAPPIST-1 h,TRAPPIST-1,0,1,7,Transit,2017,Multiple Observatories,Published Confirmed,0,<a refstr=GILLON_ET_AL__2017 href=https://ui.adsabs.harvard.edu/abs/2017Natur.542..456G/abstract target=ref>Gillon et al. 2017</a>,20,0.063,0.755,0.06735659,,,,,0.131,168,1,<a refstr=GILLON_ET_AL__2017 href=https://ui.adsabs.harvard.edu/abs/2017Natur.542..456G/abstract target=ref>Gillon et al. 2017</a>,,2559,0.117,0.0802,0.04,[Fe/H],,<a refstr=STASSUN_ET_AL__2019 href=https://ui.adsabs.harvard.edu/abs/2019AJ....158..138S/abstract target=ref>TICv8</a>,23h06m30.33s,346.6263919,-05d02m36.46s,-5.0434618,,17.02,10.296,15.6451,6/13/2017,2017-02,2/22/2017
TRAPPIST-1 g,TRAPPIST-1,0,1,7,Transit,2017,Multiple Observatories,Published Confirmed,0,<a refstr=DUCROT_ET_AL__2020 href=https://ui.adsabs.harvard.edu/abs/2020A&A...640A.112D/abstract target=ref>Ducrot et al. 2020</a>,12.3535557,0.04681528,,,,,,,0.252,197.3,1,<a refstr=DUCROT_ET_AL__2020 href=https://ui.adsabs.harvard.edu/abs/2020A&A...640A.112D/abstract target=ref>Ducrot et al. 2020</a>,,2520,0.1234,0.0898,0.0535,[Fe/H],,<a refstr=STASSUN_ET_AL__2019 href=https://ui.adsabs.harvard.edu/abs/2019AJ....158..138S/abstract target=ref>TICv8</a>,23h06m30.33s,346.6263919,-05d02m36.46s,-5.0434618,,17.02,10.296,15.6451,11/14/2022,2020-08,11/14/2022
TRAPPIST-1 g,TRAPPIST-1,0,1,7,Transit,2017,Multiple Observatories,Published Confirmed,0,<a refstr=GRIMM_ET_AL__2018 href=https://ui.adsabs.harvard.edu/abs/2018A&A...613A..68G/abstract target=ref>Grimm et al. 2018</a>,,0.04687692,1.148,0.1024177,1.148,0.00361199,Mass,0.00208,,,1,<a refstr=GRIMM_ET_AL__2018 href=https://ui.adsabs.harvard.edu/abs/2018A&A...613A..68G/abstract target=ref>Grimm et al. 2018</a>,,,,0.089,,,,<a refstr=STASSUN_ET_AL__2019 href=https://ui.adsabs.harvard.edu/abs/2019AJ....158..138S/abstract target=ref>TICv8</a>,23h06m30.33s,346.6263919,-05d02m36.46s,-5.0434618,,17.02,10.296,15.6451,12/10/2020,2018-05,12/17/2020
TRAPPIST-1 g,TRAPPIST-1,1,1,7,Transit,2017,Multiple Observatories,Published Confirmed,0,<a refstr=AGOL_ET_AL__2021 href=https://ui.adsabs.harvard.edu/abs/2021PSJ.....2....1A/abstract target=ref>Agol et al. 2021</a>,12.352446,0.04683,1.129,0.10072281,1.321,0.00415633,Mass,,0.252,,1,<a refstr=AGOL_ET_AL__2021 href=https://ui.adsabs.harvard.edu/abs/2021PSJ.....2....1A/abstract target=ref>Agol et al. 2021</a>,,2566,0.1192,0.0898,,,5.2396,<a refstr=STASSUN_ET_AL__2019 href=https://ui.adsabs.harvard.edu/abs/2019AJ....158..138S/abstract target=ref>TICv8</a>,23h06m30.33s,346.6263919,-05d02m36.46s,-5.0434618,,17.02,10.296,15.6451,11/14/2022,2021-02,11/14/2022
TRAPPIST-1 g,TRAPPIST-1,0,1,7,Transit,2017,Multiple Observatories,Published Confirmed,0,<a refstr=GILLON_ET_AL__2017 href=https://ui.adsabs.harvard.edu/abs/2017Natur.542..456G/abstract target=ref>Gillon et al. 2017</a>,12.35294,0.0451,1.127,0.10054421,1.34,0.00421609,Mass,0.061,0.258,198.6,1,<a refstr=GILLON_ET_AL__2017 href=https://ui.adsabs.harvard.edu/abs/2017Natur.542..456G/abstract target=ref>Gillon et al. 2017</a>,,2559,0.117,0.0802,0.04,[Fe/H],,<a refstr=STASSUN_ET_AL__2019 href=https://ui.adsabs.harvard.edu/abs/2019AJ....158..138S/abstract target=ref>TICv8</a>,23h06m30.33s,346.6263919,-05d02m36.46s,-5.0434618,,17.02,10.296,15.6451,2/17/2017,2017-02,2/22/2017
TRAPPIST-1 f,TRAPPIST-1,0,1,7,Transit,2017,Multiple Observatories,Published Confirmed,0,<a refstr=HIRANO_ET_AL__2020 href=https://ui.adsabs.harvard.edu/abs/2020ApJ...890L..27H/abstract target=ref>Hirano et al. 2020</a>,9.2129,,,,,,,,,,1,<a refstr=HIRANO_ET_AL__2020 href=https://ui.adsabs.harvard.edu/abs/2020ApJ...890L..27H/abstract target=ref>Hirano et al. 2020</a>,,,,,,,,<a refstr=STASSUN_ET_AL__2019 href=https://ui.adsabs.harvard.edu/abs/2019AJ....158..138S/abstract target=ref>TICv8</a>,23h06m30.33s,346.6263919,-05d02m36.46s,-5.0434618,,17.02,10.296,15.6451,4/17/2023,2020-02,4/17/2023
TRAPPIST-1 f,TRAPPIST-1,0,1,7,Transit,2017,Multiple Observatories,Published Confirmed,0,<a refstr=DUCROT_ET_AL__2020 href=https://ui.adsabs.harvard.edu/abs/2020A&A...640A.112D/abstract target=ref>Ducrot et al. 2020</a>,9.20659399,0.038774,,,,,,,0.373,217.7,1,<a refstr=DUCROT_ET_AL__2020 href=https://ui.adsabs.harvard.edu/abs/2020A&A...640A.112D/abstract target=ref>Ducrot et al. 2020</a>,,2520,0.1234,0.0898,0.0535,[Fe/H],,<a refstr=STASSUN_ET_AL__2019 href=https://ui.adsabs.harvard.edu/abs/2019AJ....158..138S/abstract target=ref>TICv8</a>,23h06m30.33s,346.6263919,-05d02m36.46s,-5.0434618,,17.02,10.296,15.6451,11/14/2022,2020-08,11/14/2022
TRAPPIST-1 f,TRAPPIST-1,0,1,7,Transit,2017,Multiple Observatories,Published Confirmed,0,<a refstr=GRIMM_ET_AL__2018 href=https://ui.adsabs.harvard.edu/abs/2018A&A...613A..68G/abstract target=ref>Grimm et al. 2018</a>,,0.03853361,1.046,0.09331787,0.934,0.00293868,Mass,0.01007,,,1,<a refstr=GRIMM_ET_AL__2018 href=https://ui.adsabs.harvard.edu/abs/2018A&A...613A..68G/abstract target=ref>Grimm et al. 2018</a>,,,,0.089,,,,<a refstr=STASSUN_ET_AL__2019 href=https://ui.adsabs.harvard.edu/abs/2019AJ....158..138S/abstract target=ref>TICv8</a>,23h06m30.33s,346.6263919,-05d02m36.46s,-5.0434618,,17.02,10.296,15.6451,12/10/2020,2018-05,12/17/2020
TRAPPIST-1 f,TRAPPIST-1,0,1,7,Transit,2017,Multiple Observatories,Published Confirmed,0,<a refstr=GILLON_ET_AL__2017 href=https://ui.adsabs.harvard.edu/abs/2017Natur.542..456G/abstract target=ref>Gillon et al. 2017</a>,9.20669,0.0371,1.045,0.09322866,0.68,0.00213951,Mass,0.063,0.382,219,1,<a refstr=GILLON_ET_AL__2017 href=https://ui.adsabs.harvard.edu/abs/2017Natur.542..456G/abstract target=ref>Gillon et al. 2017</a>,,2559,0.117,0.0802,0.04,[Fe/H],,<a refstr=STASSUN_ET_AL__2019 href=https://ui.adsabs.harvard.edu/abs/2019AJ....158..138S/abstract target=ref>TICv8</a>,23h06m30.33s,346.6263919,-05d02m36.46s,-5.0434618,,17.02,10.296,15.6451,2/17/2017,2017-02,2/22/2017
TRAPPIST-1 f,TRAPPIST-1,1,1,7,Transit,2017,Multiple Observatories,Published Confirmed,0,<a refstr=AGOL_ET_AL__2021 href=https://ui.adsabs.harvard.edu/abs/2021PSJ.....2....1A/abstract target=ref>Agol et al. 2021</a>,9.20754,0.03849,1.045,0.09322882,1.039,0.00326906,Mass,,0.373,,1,<a refstr=AGOL_ET_AL__2021 href=https://ui.adsabs.harvard.edu/abs/2021PSJ.....2....1A/abstract target=ref>Agol et al. 2021</a>,,2566,0.1192,0.0898,,,5.2396,<a refstr=STASSUN_ET_AL__2019 href=https://ui.adsabs.harvard.edu/abs/2019AJ....158..138S/abstract target=ref>TICv8</a>,23h06m30.33s,346.6263919,-05d02m36.46s,-5.0434618,,17.02,10.296,15.6451,11/14/2022,2021-02,11/14/2022
TRAPPIST-1 e,TRAPPIST-1,0,1,7,Transit,2017,Multiple Observatories,Published Confirmed,0,<a refstr=HIRANO_ET_AL__2020 href=https://ui.adsabs.harvard.edu/abs/2020ApJ...890L..27H/abstract target=ref>Hirano et al. 2020</a>,6.09705,,,,,,,,,,1,<a refstr=HIRANO_ET_AL__2020 href=https://ui.adsabs.harvard.edu/abs/2020ApJ...890L..27H/abstract target=ref>Hirano et al. 2020</a>,,,,,,,,<a refstr=STASSUN_ET_AL__2019 href=https://ui.adsabs.harvard.edu/abs/2019AJ....158..138S/abstract target=ref>TICv8</a>,23h06m30.33s,346.6263919,-05d02m36.46s,-5.0434618,,17.02,10.296,15.6451,4/17/2023,2020-02,4/17/2023
TRAPPIST-1 e,TRAPPIST-1,0,1,7,Transit,2017,Multiple Observatories,Published Confirmed,0,<a refstr=DUCROT_ET_AL__2020 href=https://ui.adsabs.harvard.edu/abs/2020A&A...640A.112D/abstract target=ref>Ducrot et al. 2020</a>,6.09956479,0.02924,,,,,,,0.645,249.7,1,<a refstr=DUCROT_ET_AL__2020 href=https://ui.adsabs.harvard.edu/abs/2020A&A...640A.112D/abstract target=ref>Ducrot et al. 2020</a>,,2520,0.1234,0.0898,0.0535,[Fe/H],,<a refstr=STASSUN_ET_AL__2019 href=https://ui.adsabs.harvard.edu/abs/2019AJ....158..138S/abstract target=ref>TICv8</a>,23h06m30.33s,346.6263919,-05d02m36.46s,-5.0434618,,17.02,10.296,15.6451,11/14/2022,2020-08,11/14/2022
TRAPPIST-1 e,TRAPPIST-1,1,1,7,Transit,2017,Multiple Observatories,Published Confirmed,0,<a refstr=AGOL_ET_AL__2021 href=https://ui.adsabs.harvard.edu/abs/2021PSJ.....2....1A/abstract target=ref>Agol et al. 2021</a>,6.101013,0.02925,0.92,0.08207704,0.692,0.00217728,Mass,,0.646,,1,<a refstr=AGOL_ET_AL__2021 href=https://ui.adsabs.harvard.edu/abs/2021PSJ.....2....1A/abstract target=ref>Agol et al. 2021</a>,,2566,0.1192,0.0898,,,5.2396,<a refstr=STASSUN_ET_AL__2019 href=https://ui.adsabs.harvard.edu/abs/2019AJ....158..138S/abstract target=ref>TICv8</a>,23h06m30.33s,346.6263919,-05d02m36.46s,-5.0434618,,17.02,10.296,15.6451,11/14/2022,2021-02,11/14/2022
TRAPPIST-1 e,TRAPPIST-1,0,1,7,Transit,2017,Multiple Observatories,Published Confirmed,0,<a refstr=GRIMM_ET_AL__2018 href=https://ui.adsabs.harvard.edu/abs/2018A&A...613A..68G/abstract target=ref>Grimm et al. 2018</a>,,0.02928285,0.91,0.08118476,0.772,0.00242897,Mass,0.0051,,,1,<a refstr=GRIMM_ET_AL__2018 href=https://ui.adsabs.harvard.edu/abs/2018A&A...613A..68G/abstract target=ref>Grimm et al. 2018</a>,,,,0.089,,,,<a refstr=STASSUN_ET_AL__2019 href=https://ui.adsabs.harvard.edu/abs/2019AJ....158..138S/abstract target=ref>TICv8</a>,23h06m30.33s,346.6263919,-05d02m36.46s,-5.0434618,,17.02,10.296,15.6451,12/10/2020,2018-05,12/17/2020
TRAPPIST-1 e,TRAPPIST-1,0,1,7,Transit,2017,Multiple Observatories,Published Confirmed,0,<a refstr=GILLON_ET_AL__2017 href=https://ui.adsabs.harvard.edu/abs/2017Natur.542..456G/abstract target=ref>Gillon et al. 2017</a>,6.099615,0.02817,0.918,0.08189847,0.62,0.00195073,Mass,0.085,0.662,251.3,1,<a refstr=GILLON_ET_AL__2017 href=https://ui.adsabs.harvard.edu/abs/2017Natur.542..456G/abstract target=ref>Gillon et al. 2017</a>,,2559,0.117,0.0802,0.04,[Fe/H],,<a refstr=STASSUN_ET_AL__2019 href=https://ui.adsabs.harvard.edu/abs/2019AJ....158..138S/abstract target=ref>TICv8</a>,23h06m30.33s,346.6263919,-05d02m36.46s,-5.0434618,,17.02,10.296,15.6451,2/17/2017,2017-02,2/22/2017
TRAPPIST-1 d,TRAPPIST-1,0,1,7,Transit,2016,La Silla Observatory,Published Confirmed,0,<a refstr=DUCROT_ET_AL__2020 href=https://ui.adsabs.harvard.edu/abs/2020A&A...640A.112D/abstract target=ref>Ducrot et al. 2020</a>,4.04978035,0.02226,,,,,,,1.114,286.2,1,<a refstr=DUCROT_ET_AL__2020 href=https://ui.adsabs.harvard.edu/abs/2020A&A...640A.112D/abstract target=ref>Ducrot et al. 2020</a>,,2520,0.1234,0.0898,0.0535,[Fe/H],,<a refstr=STASSUN_ET_AL__2019 href=https://ui.adsabs.harvard.edu/abs/2019AJ....158..138S/abstract target=ref>TICv8</a>,23h06m30.33s,346.6263919,-05d02m36.46s,-5.0434618,,17.02,10.296,15.6451,11/14/2022,2020-08,11/14/2022
TRAPPIST-1 d,TRAPPIST-1,0,1,7,Transit,2016,La Silla Observatory,Published Confirmed,0,<a refstr=GRIMM_ET_AL__2018 href=https://ui.adsabs.harvard.edu/abs/2018A&A...613A..68G/abstract target=ref>Grimm et al. 2018</a>,,0.02228038,0.784,0.0699438,0.297,0.00093446,Mass,0.00837,,,1,<a refstr=GRIMM_ET_AL__2018 href=https://ui.adsabs.harvard.edu/abs/2018A&A...613A..68G/abstract target=ref>Grimm et al. 2018</a>,,,,0.089,,,,<a refstr=STASSUN_ET_AL__2019 href=https://ui.adsabs.harvard.edu/abs/2019AJ....158..138S/abstract target=ref>TICv8</a>,23h06m30.33s,346.6263919,-05d02m36.46s,-5.0434618,,17.02,10.296,15.6451,12/10/2020,2018-05,12/17/2020
TRAPPIST-1 d,TRAPPIST-1,0,1,7,Transit,2016,La Silla Observatory,Published Confirmed,0,<a refstr=GILLON_ET_AL__2017 href=https://ui.adsabs.harvard.edu/abs/2017Natur.542..456G/abstract target=ref>Gillon et al. 2017</a>,4.04961,0.02144,0.772,0.06887323,0.41,0.00129,Mass,0.07,1.143,288,1,<a refstr=GILLON_ET_AL__2017 href=https://ui.adsabs.harvard.edu/abs/2017Natur.542..456G/abstract target=ref>Gillon et al. 2017</a>,,2559,0.117,0.0802,0.04,[Fe/H],,<a refstr=STASSUN_ET_AL__2019 href=https://ui.adsabs.harvard.edu/abs/2019AJ....158..138S/abstract target=ref>TICv8</a>,23h06m30.33s,346.6263919,-05d02m36.46s,-5.0434618,,17.02,10.296,15.6451,2/17/2017,2017-02,2/22/2017
TRAPPIST-1 d,TRAPPIST-1,0,1,7,Transit,2016,La Silla Observatory,Published Confirmed,0,<a refstr=PIAULET_GHORAYEB_ET_AL__2025 href=https://ui.adsabs.harvard.edu/abs/2025ApJ...989..181P/abstract target=ref>Piaulet-Ghorayeb et al. 2025</a>,4.049219,0.0223,0.804,0.0717282,0.388,0.00122078,Mass,,1.119,286,1,<a refstr=PIAULET_GHORAYEB_ET_AL__2025 href=https://ui.adsabs.harvard.edu/abs/2025ApJ...989..181P/abstract target=ref>Piaulet-Ghorayeb et al. 2025</a>,M8.0 V,2566,0.1192,0.0898,0.052,[Fe/H],5.2396,<a refstr=STASSUN_ET_AL__2019 href=https://ui.adsabs.harvard.edu/abs/2019AJ....158..138S/abstract target=ref>TICv8</a>,23h06m30.33s,346.6263919,-05d02m36.46s,-5.0434618,,17.02,10.296,15.6451,12/18/2025,2025-08,12/18/2025
TRAPPIST-1 d,TRAPPIST-1,1,1,7,Transit,2016,La Silla Observatory,Published Confirmed,0,<a refstr=AGOL_ET_AL__2021 href=https://ui.adsabs.harvard.edu/abs/2021PSJ.....2....1A/abstract target=ref>Agol et al. 2021</a>,4.049219,0.02227,0.788,0.07030077,0.388,0.00122078,Mass,,1.115,,1,<a refstr=AGOL_ET_AL__2021 href=https://ui.adsabs.harvard.edu/abs/2021PSJ.....2....1A/abstract target=ref>Agol et al. 2021</a>,,2566,0.1192,0.0898,,,5.2396,<a refstr=STASSUN_ET_AL__2019 href=https://ui.adsabs.harvard.edu/abs/2019AJ....158..138S/abstract target=ref>TICv8</a>,23h06m30.33s,346.6263919,-05d02m36.46s,-5.0434618,,17.02,10.296,15.6451,11/14/2022,2021-02,11/14/2022
TRAPPIST-1 c,TRAPPIST-1,1,1,7,Transit,2016,La Silla Observatory,Published Confirmed,0,<a refstr=AGOL_ET_AL__2021 href=https://ui.adsabs.harvard.edu/abs/2021PSJ.....2....1A/abstract target=ref>Agol et al. 2021</a>,2.421937,0.0158,1.097,0.09786795,1.308,0.00411543,Mass,,2.214,,1,<a refstr=AGOL_ET_AL__2021 href=https://ui.adsabs.harvard.edu/abs/2021PSJ.....2....1A/abstract target=ref>Agol et al. 2021</a>,,2566,0.1192,0.0898,,,5.2396,<a refstr=STASSUN_ET_AL__2019 href=https://ui.adsabs.harvard.edu/abs/2019AJ....158..138S/abstract target=ref>TICv8</a>,23h06m30.33s,346.6263919,-05d02m36.46s,-5.0434618,,17.02,10.296,15.6451,11/14/2022,2021-02,11/14/2022
TRAPPIST-1 c,TRAPPIST-1,0,1,7,Transit,2016,La Silla Observatory,Published Confirmed,0,<a refstr=GRIMM_ET_AL__2018 href=https://ui.adsabs.harvard.edu/abs/2018A&A...613A..68G/abstract target=ref>Grimm et al. 2018</a>,,0.01581512,1.095,0.09768936,1.156,0.00363716,Mass,0.00654,,,1,<a refstr=GRIMM_ET_AL__2018 href=https://ui.adsabs.harvard.edu/abs/2018A&A...613A..68G/abstract target=ref>Grimm et al. 2018</a>,,,,0.089,,,,<a refstr=STASSUN_ET_AL__2019 href=https://ui.adsabs.harvard.edu/abs/2019AJ....158..138S/abstract target=ref>TICv8</a>,23h06m30.33s,346.6263919,-05d02m36.46s,-5.0434618,,17.02,10.296,15.6451,12/10/2020,2018-05,12/17/2020
TRAPPIST-1 c,TRAPPIST-1,0,1,7,Transit,2016,La Silla Observatory,Published Confirmed,0,<a refstr=DE_WIT_ET_AL__2016 href=https://ui.adsabs.harvard.edu/abs/2016Natur.537...69D/abstract target=ref>de Wit et al. 2016</a>,,,,,,,,,,315,1,<a refstr=STASSUN_ET_AL__2019 href=https://ui.adsabs.harvard.edu/abs/2019AJ....158..138S/abstract target=ref>TICv8</a>,,,0.114827,0.090778,,,5.27596,<a refstr=STASSUN_ET_AL__2019 href=https://ui.adsabs.harvard.edu/abs/2019AJ....158..138S/abstract target=ref>TICv8</a>,23h06m30.33s,346.6263919,-05d02m36.46s,-5.0434618,,17.02,10.296,15.6451,2/17/2017,2016-09,9/15/2016
TRAPPIST-1 c,TRAPPIST-1,0,1,7,Transit,2016,La Silla Observatory,Published Confirmed,0,<a refstr=GILLON_ET_AL__2017 href=https://ui.adsabs.harvard.edu/abs/2017Natur.542..456G/abstract target=ref>Gillon et al. 2017</a>,2.4218233,0.01521,1.056,0.09421001,1.38,0.00434194,Mass,0.083,2.27,341.9,1,<a refstr=GILLON_ET_AL__2017 href=https://ui.adsabs.harvard.edu/abs/2017Natur.542..456G/abstract target=ref>Gillon et al. 2017</a>,,2559,0.117,0.0802,0.04,[Fe/H],,<a refstr=STASSUN_ET_AL__2019 href=https://ui.adsabs.harvard.edu/abs/2019AJ....158..138S/abstract target=ref>TICv8</a>,23h06m30.33s,346.6263919,-05d02m36.46s,-5.0434618,,17.02,10.296,15.6451,2/17/2017,2017-02,2/22/2017
TRAPPIST-1 c,TRAPPIST-1,0,1,7,Transit,2016,La Silla Observatory,Published Confirmed,0,<a refstr=GILLON_ET_AL__2016 href=https://ui.adsabs.harvard.edu/abs/2016Natur.533..221G/abstract target=ref>Gillon et al. 2016</a>,2.421848,0.01522,1.049,0.09358551,,,,0,2.26,342,1,<a refstr=GILLON_ET_AL__2016 href=https://ui.adsabs.harvard.edu/abs/2016Natur.533..221G/abstract target=ref>Gillon et al. 2016</a>,,2550,0.117,0.08,0.04,[Fe/H],,<a refstr=STASSUN_ET_AL__2019 href=https://ui.adsabs.harvard.edu/abs/2019AJ....158..138S/abstract target=ref>TICv8</a>,23h06m30.33s,346.6263919,-05d02m36.46s,-5.0434618,,17.02,10.296,15.6451,2/17/2017,2016-05,5/5/2016
TRAPPIST-1 c,TRAPPIST-1,0,1,7,Transit,2016,La Silla Observatory,Published Confirmed,0,<a refstr=DUCROT_ET_AL__2020 href=https://ui.adsabs.harvard.edu/abs/2020A&A...640A.112D/abstract target=ref>Ducrot et al. 2020</a>,2.42179346,0.01579,,,,,,,2.211,339.7,1,<a refstr=DUCROT_ET_AL__2020 href=https://ui.adsabs.harvard.edu/abs/2020A&A...640A.112D/abstract target=ref>Ducrot et al. 2020</a>,,2520,0.1234,0.0898,0.0535,[Fe/H],,<a refstr=STASSUN_ET_AL__2019 href=https://ui.adsabs.harvard.edu/abs/2019AJ....158..138S/abstract target=ref>TICv8</a>,23h06m30.33s,346.6263919,-05d02m36.46s,-5.0434618,,17.02,10.296,15.6451,11/14/2022,2020-08,11/14/2022
TRAPPIST-1 c,TRAPPIST-1,0,1,7,Transit,2016,La Silla Observatory,Published Confirmed,0,<a refstr=RATHCKE_ET_AL__2025 href=https://ui.adsabs.harvard.edu/abs/2025ApJ...979L..19R/abstract target=ref>Rathcke et al. 2025</a>,2.4219371,,,,,,,0,,,1,<a refstr=AGOL_ET_AL__2021 href=https://ui.adsabs.harvard.edu/abs/2021PSJ.....2....1A/abstract target=ref>Agol et al. 2021</a>,,2566,0.1192,0.0898,,,5.2396,<a refstr=STASSUN_ET_AL__2019 href=https://ui.adsabs.harvard.edu/abs/2019AJ....158..138S/abstract target=ref>TICv8</a>,23h06m30.33s,346.6263919,-05d02m36.46s,-5.0434618,,17.02,10.296,15.6451,9/17/2025,2025-01,7/17/2025
TRAPPIST-1 b,TRAPPIST-1,0,1,7,Transit,2016,La Silla Observatory,Published Confirmed,0,<a refstr=DUCROT_ET_AL__2020 href=https://ui.adsabs.harvard.edu/abs/2020A&A...640A.112D/abstract target=ref>Ducrot et al. 2020</a>,1.51088432,0.011534,,,,,,,4.15,397.6,1,<a refstr=DUCROT_ET_AL__2020 href=https://ui.adsabs.harvard.edu/abs/2020A&A...640A.112D/abstract target=ref>Ducrot et al. 2020</a>,,2520,0.1234,0.0898,0.0535,[Fe/H],,<a refstr=STASSUN_ET_AL__2019 href=https://ui.adsabs.harvard.edu/abs/2019AJ....158..138S/abstract target=ref>TICv8</a>,23h06m30.33s,346.6263919,-05d02m36.46s,-5.0434618,,17.02,10.296,15.6451,11/14/2022,2020-08,11/14/2022
TRAPPIST-1 b,TRAPPIST-1,1,1,7,Transit,2016,La Silla Observatory,Published Confirmed,0,<a refstr=AGOL_ET_AL__2021 href=https://ui.adsabs.harvard.edu/abs/2021PSJ.....2....1A/abstract target=ref>Agol et al. 2021</a>,1.510826,0.01154,1.116,0.09956302,1.374,0.00432309,Mass,,4.153,,1,<a refstr=AGOL_ET_AL__2021 href=https://ui.adsabs.harvard.edu/abs/2021PSJ.....2....1A/abstract target=ref>Agol et al. 2021</a>,,2566,0.1192,0.0898,,,5.2396,<a refstr=STASSUN_ET_AL__2019 href=https://ui.adsabs.harvard.edu/abs/2019AJ....158..138S/abstract target=ref>TICv8</a>,23h06m30.33s,346.6263919,-05d02m36.46s,-5.0434618,,17.02,10.296,15.6451,11/14/2022,2021-02,11/14/2022
TRAPPIST-1 b,TRAPPIST-1,0,1,7,Transit,2016,La Silla Observatory,Published Confirmed,0,<a refstr=HIRANO_ET_AL__2020 href=https://ui.adsabs.harvard.edu/abs/2020ApJ...890L..27H/abstract target=ref>Hirano et al. 2020</a>,1.51087,,,,,,,,,,1,<a refstr=HIRANO_ET_AL__2020 href=https://ui.adsabs.harvard.edu/abs/2020ApJ...890L..27H/abstract target=ref>Hirano et al. 2020</a>,,,,,,,,<a refstr=STASSUN_ET_AL__2019 href=https://ui.adsabs.harvard.edu/abs/2019AJ....158..138S/abstract target=ref>TICv8</a>,23h06m30.33s,346.6263919,-05d02m36.46s,-5.0434618,,17.02,10.296,15.6451,4/17/2023,2020-02,4/17/2023
TRAPPIST-1 b,TRAPPIST-1,0,1,7,Transit,2016,La Silla Observatory,Published Confirmed,0,<a refstr=RATHCKE_ET_AL__2025 href=https://ui.adsabs.harvard.edu/abs/2025ApJ...979L..19R/abstract target=ref>Rathcke et al. 2025</a>,1.5108261,,,,,,,0,,,1,<a refstr=AGOL_ET_AL__2021 href=https://ui.adsabs.harvard.edu/abs/2021PSJ.....2....1A/abstract target=ref>Agol et al. 2021</a>,,2566,0.1192,0.0898,,,5.2396,<a refstr=STASSUN_ET_AL__2019 href=https://ui.adsabs.harvard.edu/abs/2019AJ....158..138S/abstract target=ref>TICv8</a>,23h06m30.33s,346.6263919,-05d02m36.46s,-5.0434618,,17.02,10.296,15.6451,9/17/2025,2025-01,7/17/2025
TRAPPIST-1 b,TRAPPIST-1,0,1,7,Transit,2016,La Silla Observatory,TESS Project Candidate,0,<a refstr=EXOFOP href=https://exofop.ipac.caltech.edu/tess/view_toi.php target=ref>ExoFOP</a>,1.510944712,,1.20389172,0.10740421,,,,,98.1931,802.86,1,<a refstr=EXOFOP href=https://exofop.ipac.caltech.edu/tess/view_toi.php target=ref>ExoFOP</a>,,5780,0.114827,,,,5.27596,<a refstr=STASSUN_ET_AL__2019 href=https://ui.adsabs.harvard.edu/abs/2019AJ....158..138S/abstract target=ref>TICv8</a>,23h06m30.33s,346.6263919,-05d02m36.46s,-5.0434618,,17.02,10.296,15.6451,12/14/2023,2017-07,12/14/2023
TRAPPIST-1 b,TRAPPIST-1,0,1,7,Transit,2016,La Silla Observatory,Published Confirmed,0,<a refstr=DE_WIT_ET_AL__2016 href=https://ui.adsabs.harvard.edu/abs/2016Natur.537...69D/abstract target=ref>de Wit et al. 2016</a>,,,,,,,,,,366,1,<a refstr=STASSUN_ET_AL__2019 href=https://ui.adsabs.harvard.edu/abs/2019AJ....158..138S/abstract target=ref>TICv8</a>,,,0.114827,0.090778,,,5.27596,<a refstr=STASSUN_ET_AL__2019 href=https://ui.adsabs.harvard.edu/abs/2019AJ....158..138S/abstract target=ref>TICv8</a>,23h06m30.33s,346.6263919,-05d02m36.46s,-5.0434618,,17.02,10.296,15.6451,2/17/2017,2016-09,9/15/2016
TRAPPIST-1 b,TRAPPIST-1,0,1,7,Transit,2016,La Silla Observatory,Published Confirmed,0,<a refstr=GILLON_ET_AL__2017 href=https://ui.adsabs.harvard.edu/abs/2017Natur.542..456G/abstract target=ref>Gillon et al. 2017</a>,1.51087081,0.01111,1.086,0.09688643,0.85,0.00267439,Mass,0.081,4.25,400.1,1,<a refstr=GILLON_ET_AL__2017 href=https://ui.adsabs.harvard.edu/abs/2017Natur.542..456G/abstract target=ref>Gillon et al. 2017</a>,,2559,0.117,0.0802,0.04,[Fe/H],,<a refstr=STASSUN_ET_AL__2019 href=https://ui.adsabs.harvard.edu/abs/2019AJ....158..138S/abstract target=ref>TICv8</a>,23h06m30.33s,346.6263919,-05d02m36.46s,-5.0434618,,17.02,10.296,15.6451,2/17/2017,2017-02,2/22/2017
TRAPPIST-1 b,TRAPPIST-1,0,1,7,Transit,2016,La Silla Observatory,Published Confirmed,0,<a refstr=GILLON_ET_AL__2016 href=https://ui.adsabs.harvard.edu/abs/2016Natur.533..221G/abstract target=ref>Gillon et al. 2016</a>,1.510848,0.01111,1.113,0.09929521,,,,0,4.25,400,1,<a refstr=GILLON_ET_AL__2016 href=https://ui.adsabs.harvard.edu/abs/2016Natur.533..221G/abstract target=ref>Gillon et al. 2016</a>,,2550,0.117,0.08,0.04,[Fe/H],,<a refstr=STASSUN_ET_AL__2019 href=https://ui.adsabs.harvard.edu/abs/2019AJ....158..138S/abstract target=ref>TICv8</a>,23h06m30.33s,346.6263919,-05d02m36.46s,-5.0434618,,17.02,10.296,15.6451,2/17/2017,2016-05,5/5/2016
TRAPPIST-1 b,TRAPPIST-1,0,1,7,Transit,2016,La Silla Observatory,Published Confirmed,0,<a refstr=GRIMM_ET_AL__2018 href=https://ui.adsabs.harvard.edu/abs/2018A&A...613A..68G/abstract target=ref>Grimm et al. 2018</a>,,0.01154775,1.121,0.10000892,1.017,0.00319982,Mass,0.00622,,,1,<a refstr=GRIMM_ET_AL__2018 href=https://ui.adsabs.harvard.edu/abs/2018A&A...613A..68G/abstract target=ref>Grimm et al. 2018</a>,,,,0.089,,,,<a refstr=STASSUN_ET_AL__2019 href=https://ui.adsabs.harvard.edu/abs/2019AJ....158..138S/abstract target=ref>TICv8</a>,23h06m30.33s,346.6263919,-05d02m36.46s,-5.0434618,,17.02,10.296,15.6451,12/10/2020,2018-05,12/17/2020
HIP 65426 b,HIP 65426,1,1,1,Imaging,2017,Paranal Observatory,Published Confirmed,0,<a refstr=CHAUVIN_ET_AL__2017 href=https://ui.adsabs.harvard.edu/abs/2017A&A...605L...9C/abstract target=ref>Chauvin et al. 2017</a>,,92,16.8135,1.5,2860.47,9,Mass,,,1500,0,<a refstr=CHAUVIN_ET_AL__2017 href=https://ui.adsabs.harvard.edu/abs/2017A&A...605L...9C/abstract target=ref>Chauvin et al. 2017</a>,A2 V,8840,1.77,1.96,,,,<a refstr=STASSUN_ET_AL__2019 href=https://ui.adsabs.harvard.edu/abs/2019AJ....158..138S/abstract target=ref>TICv8</a>,13h24m36.04s,201.1501727,-51d30m16.34s,-51.5045384,108.875,7.01,6.771,6.98273,7/11/2017,2017-09,7/13/2017
TYC 8998-760-1 b,TYC 8998-760-1,0,1,2,Imaging,2020,Paranal Observatory,Published Confirmed,0,<a refstr=BOHN_ET_AL__2020 href=https://ui.adsabs.harvard.edu/abs/2020MNRAS.492..431B/abstract target=ref>Bohn et al. 2020</a>,,162,,,4449.62,14,Mass,,,,0,<a refstr=BOHN_ET_AL__2020 href=https://ui.adsabs.harvard.edu/abs/2020MNRAS.492..431B/abstract target=ref>Bohn et al. 2020</a>,K3 IV,4573,,1,,,,<a refstr=STASSUN_ET_AL__2019 href=https://ui.adsabs.harvard.edu/abs/2019AJ....158..138S/abstract target=ref>TICv8</a>,13h25m12.03s,201.3001096,-64d56m20.96s,-64.9391566,94.6177,11.124,8.392,10.6505,3/26/2020,2020-02,4/2/2020
TYC 8998-760-1 b,TYC 8998-760-1,0,1,2,Imaging,2020,Paranal Observatory,Published Confirmed,0,<a refstr=WOOD_ET_AL_2023 href=https://ui.adsabs.harvard.edu/abs/2023AJ....165...85W/abstract target=ref>Wood et al. 2023</a>,,,,,6928.659273,21.8,Mass,,,,0,<a refstr=WOOD_ET_AL_2023 href=https://ui.adsabs.harvard.edu/abs/2023AJ....165...85W/abstract target=ref>Wood et al. 2023</a>,,,,,,,,<a refstr=STASSUN_ET_AL__2019 href=https://ui.adsabs.harvard.edu/abs/2019AJ....158..138S/abstract target=ref>TICv8</a>,13h25m12.03s,201.3001096,-64d56m20.96s,-64.9391566,94.6177,11.124,8.392,10.6505,12/17/2022,2023-03,12/17/2022
TYC 8998-760-1 b,TYC 8998-760-1,1,1,2,Imaging,2020,Paranal Observatory,Published Confirmed,0,<a refstr=ROBERTS_ET_AL_2025 href=https://ui.adsabs.harvard.edu/abs/2025AJ....170..273R/abstract target=ref>Roberts et al. 2025</a>,,146,,,,,,0.44,,,0,<a refstr=ROBERTS_ET_AL_2025 href=https://ui.adsabs.harvard.edu/abs/2025AJ....170..273R/abstract target=ref>Roberts et al. 2025</a>,K3 IV,,,,,,,<a refstr=STASSUN_ET_AL__2019 href=https://ui.adsabs.harvard.edu/abs/2019AJ....158..138S/abstract target=ref>TICv8</a>,13h25m12.03s,201.3001096,-64d56m20.96s,-64.9391566,94.6177,11.124,8.392,10.6505,4/30/2026,2025-11,4/30/2026
TYC 8998-760-1 c,TYC 8998-760-1,0,1,2,Imaging,2020,Paranal Observatory,Published Confirmed,0,<a refstr=WOOD_ET_AL_2023 href=https://ui.adsabs.harvard.edu/abs/2023AJ....165...85W/abstract target=ref>Wood et al. 2023</a>,,,,,2288.36453,7.2,Mass,,,,0,<a refstr=WOOD_ET_AL_2023 href=https://ui.adsabs.harvard.edu/abs/2023AJ....165...85W/abstract target=ref>Wood et al. 2023</a>,,,,,,,,<a refstr=STASSUN_ET_AL__2019 href=https://ui.adsabs.harvard.edu/abs/2019AJ....158..138S/abstract target=ref>TICv8</a>,13h25m12.03s,201.3001096,-64d56m20.96s,-64.9391566,94.6177,11.124,8.392,10.6505,12/17/2022,2023-03,12/17/2022
TYC 8998-760-1 c,TYC 8998-760-1,1,1,2,Imaging,2020,Paranal Observatory,Published Confirmed,0,<a refstr=BOHN_ET_AL__2020 href=https://ui.adsabs.harvard.edu/abs/2020ApJ...898L..16B/abstract target=ref>Bohn et al. 2020</a>,,320,12.3299,1.1,1906.98,6,Mass,,,1240,0,<a refstr=BOHN_ET_AL__2020 href=https://ui.adsabs.harvard.edu/abs/2020ApJ...898L..16B/abstract target=ref>Bohn et al. 2020</a>,,,,1,,,,<a refstr=STASSUN_ET_AL__2019 href=https://ui.adsabs.harvard.edu/abs/2019AJ....158..138S/abstract target=ref>TICv8</a>,13h25m12.03s,201.3001096,-64d56m20.96s,-64.9391566,94.6177,11.124,8.392,10.6505,7/17/2020,2020-07,7/23/2020
